{"wallclock_time_used": 4209.319472074509, "ta_time_used": 4080.290531873703, "_ema_n_configs_per_intensifiy": 2.005711526544389, "_n_configs_per_intensify": 98, "inc_changed": 3, "_EMA_ALPHA": 0.2, "ta_runs": 100, "_n_calls_of_intensify": 38, "n_configs": 100}