{"wallclock_time_used": 1626.130686044693, "ta_time_used": 1501.6978733539581, "_ema_n_configs_per_intensifiy": 2.0043615293611694, "_n_configs_per_intensify": 99, "inc_changed": 4, "_EMA_ALPHA": 0.2, "ta_runs": 100, "_n_calls_of_intensify": 39, "n_configs": 100}