{"wallclock_time_used": 2339.1773779392242, "ta_time_used": 2207.61602807045, "_ema_n_configs_per_intensifiy": 2.0029907629905166, "_n_configs_per_intensify": 98, "inc_changed": 2, "_EMA_ALPHA": 0.2, "ta_runs": 100, "_n_calls_of_intensify": 40, "n_configs": 100}