{"n_configs": 100, "_n_calls_of_intensify": 38, "ta_runs": 100, "_n_configs_per_intensify": 98, "inc_changed": 2, "_ema_n_configs_per_intensifiy": 2.005711526544389, "_EMA_ALPHA": 0.2, "wallclock_time_used": 5661.1743948459625, "ta_time_used": 5519.591044664383}