{"n_configs": 100, "_n_calls_of_intensify": 40, "ta_runs": 100, "_n_configs_per_intensify": 98, "inc_changed": 2, "_ema_n_configs_per_intensifiy": 2.0029907629905166, "_EMA_ALPHA": 0.2, "wallclock_time_used": 2062.6064944267273, "ta_time_used": 1946.7535943984985}