{"n_configs": 100, "_n_calls_of_intensify": 42, "ta_runs": 100, "_n_configs_per_intensify": 99, "inc_changed": 4, "_ema_n_configs_per_intensifiy": 2.0015950735949426, "_EMA_ALPHA": 0.2, "wallclock_time_used": 3631.916582584381, "ta_time_used": 3479.7131407260895}