{"wallclock_time_used": 1724.4471459388733, "ta_time_used": 1601.0033197402954, "_ema_n_configs_per_intensifiy": 2.0041538374868284, "_n_configs_per_intensify": 98, "inc_changed": 3, "_EMA_ALPHA": 0.2, "ta_runs": 100, "_n_calls_of_intensify": 39, "n_configs": 100}