{"n_configs": 100, "_n_calls_of_intensify": 38, "ta_runs": 100, "_n_configs_per_intensify": 98, "inc_changed": 4, "_ema_n_configs_per_intensifiy": 2.005711526544389, "_EMA_ALPHA": 0.2, "wallclock_time_used": 1787.4624042510986, "ta_time_used": 1664.2092154026031}