{"n_configs": 100, "_n_calls_of_intensify": 38, "ta_runs": 100, "_n_configs_per_intensify": 98, "inc_changed": 4, "_ema_n_configs_per_intensifiy": 2.005711526544389, "_EMA_ALPHA": 0.2, "wallclock_time_used": 2229.7265152931213, "ta_time_used": 2102.1643986701965}