{"n_configs": 100, "_n_calls_of_intensify": 42, "ta_runs": 100, "_n_configs_per_intensify": 98, "inc_changed": 3, "_ema_n_configs_per_intensifiy": 2.0014887353552795, "_EMA_ALPHA": 0.2, "wallclock_time_used": 4899.642102241516, "ta_time_used": 4750.00344824791}