{"n_configs": 100, "_n_calls_of_intensify": 40, "ta_runs": 100, "_n_configs_per_intensify": 99, "inc_changed": 1, "_ema_n_configs_per_intensifiy": 2.0031569164899894, "_EMA_ALPHA": 0.2, "wallclock_time_used": 5000.880747556686, "ta_time_used": 4857.959021568298}