PCAFractionOfComponentsFor95PercentVariance,PCAKurtosisFirstPC,PCASkewnessFirstPC,dataset,firstQuartileCorrelation,firstQuartileCovariance,firstQuartileEntropy,firstQuartileKurtosis,firstQuartileSkewness,logNumberOfInstances,maxCorrelation,maxCovariance,maxEntropy,maxKurtosis,maxSkewness,meanCorrelation,meanCovariance,meanEntropy,meanKurtosis,meanSkewness,medianCorrelation,medianCovariance,medianEntropy,medianKurtosis,medianSkewness,minCorrelation,minCovariance,minEntropy,minKurtosis,minSkewness,missingValuesRatio,numberOfInstances,numberOfMissingValues,sparsity,sparsityOnNumericColumns,thirdQuartileCorrelation,thirdQuartileCovariance,thirdQuartileEntropy,thirdQuartileKurtosis,thirdQuartileSkewness
1.0,-1.1955123839250057,0.07335588959151203,banana.csv,0.12422773855552802,0.08116202534924435,,-1.1915229887038254,0.06744205422550598,8.232440158470336,0.12422773855552802,0.8056938544054855,,-1.1259313687579562,0.13271392785810363,0.12422773855552802,0.3744503860987407,,-1.1696591153885358,0.08919934543637187,0.12422773855552802,0.3054728323201165,,-1.1696591153885358,0.08919934543637187,0.124227738555528,0.08116202534924435,,-1.2133868620191153,0.0456847630146401,0.0,3761.0,0,0.0,0.0,0.124227738555528,0.5987611930696128,,-1.147795242073246,0.11095663664723773
0.5,-1.3848969577730779,0.4433832726826507,iris.csv,-0.4666512300175255,-0.08360050041701418,,-1.3178131535075388,-0.30363142955692823,4.700480365792417,0.9714513384530497,2.6239532944120105,,0.058053579793482246,0.07528321703553831,0.23556141249104015,0.4911979253544622,,-0.9090047648937496,-0.16170769670540572,0.280560392115813,0.4284653878231861,,-1.1534152076648363,-0.12073569420169068,-0.5402094043061955,-0.3041451209341117,,-1.387242224038808,-0.4806426154537798,0.0,110.0,0,0.0,0.0,0.8876569865852864,1.0024437030859052,,-0.744606819051047,0.021188038649831854
