PCAFractionOfComponentsFor95PercentVariance,PCAKurtosisFirstPC,PCASkewnessFirstPC,dataset,firstQuartileCorrelation,firstQuartileCovariance,firstQuartileEntropy,firstQuartileKurtosis,firstQuartileSkewness,logNumberOfInstances,maxCorrelation,maxCovariance,maxEntropy,maxKurtosis,maxSkewness,meanCorrelation,meanCovariance,meanEntropy,meanKurtosis,meanSkewness,medianCorrelation,medianCovariance,medianEntropy,medianKurtosis,medianSkewness,minCorrelation,minCovariance,minEntropy,minKurtosis,minSkewness,missingValuesRatio,numberOfInstances,numberOfMissingValues,sparsity,sparsityOnNumericColumns,thirdQuartileCorrelation,thirdQuartileCovariance,thirdQuartileEntropy,thirdQuartileKurtosis,thirdQuartileSkewness
1.0,-1.1910581020920847,0.1464367351384737,banana.csv,0.29538914199699956,0.18575434153006418,,-0.9879315355162182,0.07249156786214817,8.188133414510478,0.29538914199699956,0.7436563811755827,,-0.9721702922883955,0.2603607068187954,0.29538914199699956,0.4117315466954167,,-0.9826777877736106,0.13511461418103057,0.29538914199699956,0.3587577320380099,,-0.9826777877736106,0.13511461418103057,0.29538914199699956,0.18575434153006418,,-0.9931852832588257,0.009868521543265755,0.0,3598.0,0,0.0,0.0,0.29538914199699956,0.5847349372033624,,-0.977424040031003,0.197737660499913
0.4444444444444444,1.4627353160128918,1.718521523676038,glass.csv,-0.378830906286705,-0.03867002937720328,,0.5380831826853907,-0.17462818162173283,5.220355825078324,0.6888333578783213,1.4816680552291421,,14.169690389440973,3.8370905515113556,-0.09613011571001201,0.00019712226671889064,,2.539766210378537,0.6699811613619021,-0.09745436751242267,-8.568942420681644e-05,,1.251182332024376,0.44862956915539337,-0.7122137447802224,-0.5125075381903641,,-0.758678061782633,-1.7571929405858162,0.0,185.0,0,0.18162162162162163,0.2018018018018018,0.1510247537501755,0.02416419212690953,,1.5771727589799438,1.545187483945706
0.5,-1.5230215019613194,0.3156324219274131,iris.csv,-0.49447044238981874,-0.0813925061425061,,-1.4132915460046347,-0.17507075669731023,4.709530201312334,0.9708379646973684,2.747343161343161,,0.034876183355113444,0.2819058716479477,0.22791630413252065,0.5243926085176085,,-0.9811836226438257,-0.03468101490645152,0.2828781634708487,0.4625896805896802,,-1.2129171090411144,-0.03329455032805498,-0.563167903140835,-0.29939066339066356,,-1.5337764558481874,-0.35404083061764385,0.0,111.0,0,0.0,0.0,0.8885418786867119,1.0802628992628995,,-0.7808091856803051,0.10709519146280373
