{"n_configs": 100, "_n_calls_of_intensify": 39, "ta_runs": 100, "_n_configs_per_intensify": 98, "inc_changed": 4, "_ema_n_configs_per_intensifiy": 2.0041538374868284, "_EMA_ALPHA": 0.2, "wallclock_time_used": 771.0806276798248, "ta_time_used": 653.9046876430511}