{"n_configs": 100, "_n_calls_of_intensify": 39, "ta_runs": 100, "_n_configs_per_intensify": 98, "inc_changed": 3, "_ema_n_configs_per_intensifiy": 2.0041538374868284, "_EMA_ALPHA": 0.2, "wallclock_time_used": 4921.872540473938, "ta_time_used": 4830.704119920731}