{"wallclock_time_used": 5241.352892637253, "ta_time_used": 5121.301121711731, "_ema_n_configs_per_intensifiy": 2.0041538374868284, "_n_configs_per_intensify": 98, "inc_changed": 2, "_EMA_ALPHA": 0.2, "ta_runs": 100, "_n_calls_of_intensify": 39, "n_configs": 100}