{"n_configs": 100, "_n_calls_of_intensify": 41, "ta_runs": 100, "_n_configs_per_intensify": 98, "inc_changed": 4, "_ema_n_configs_per_intensifiy": 2.0021267647932564, "_EMA_ALPHA": 0.2, "wallclock_time_used": 4508.573723554611, "ta_time_used": 4366.64764213562}