numberOfInstances,logNumberOfInstances,dataset
5300.0,8.575462099540214,banana.csv
4687.0,8.452547997922705,nasa.csv
569.0,6.343880434126331,breast_cancer.csv
310.0,5.736572297479192,column_3C_weka.csv
303.0,5.71373280550937,heart.csv
310.0,5.736572297479192,column_2C_weka.csv
17898.0,9.792444253742804,pulsar_stars.csv
8124.0,9.002577922700276,mushrooms.csv
150.0,5.010635294096256,iris.csv
