{"wallclock_time_used": 4736.296407222748, "ta_time_used": 4601.400766611099, "_ema_n_configs_per_intensifiy": 2.0031569164899894, "_n_configs_per_intensify": 99, "inc_changed": 4, "_EMA_ALPHA": 0.2, "ta_runs": 100, "_n_calls_of_intensify": 40, "n_configs": 100}