{"wallclock_time_used": 3858.877050638199, "ta_time_used": 3737.616334915161, "_ema_n_configs_per_intensifiy": 2.005711526544389, "_n_configs_per_intensify": 98, "inc_changed": 3, "_EMA_ALPHA": 0.2, "ta_runs": 100, "_n_calls_of_intensify": 38, "n_configs": 100}