{"n_configs": 100, "_n_calls_of_intensify": 40, "ta_runs": 100, "_n_configs_per_intensify": 99, "inc_changed": 2, "_ema_n_configs_per_intensifiy": 2.0031569164899894, "_EMA_ALPHA": 0.2, "wallclock_time_used": 3539.98880815506, "ta_time_used": 3442.4224870204926}