{"wallclock_time_used": 928.2856545448303, "ta_time_used": 805.4629108905792, "_ema_n_configs_per_intensifiy": 2.0031569164899894, "_n_configs_per_intensify": 99, "inc_changed": 2, "_EMA_ALPHA": 0.2, "ta_runs": 100, "_n_calls_of_intensify": 40, "n_configs": 100}